Row,Major Group,Minor Group,Broad Group,Detailed Occupation,
1,11-0000,,,,Management Occupations
2,,11-1000,,,Top Executives
3,,,11-1010,,Chief Executives
4,,,,11-1011,Chief Executives
5,,,11-1020,,General and Operations Managers
6,,,,11-1021,General and Operations Managers
7,,,11-1030,,Legislators
8,,,,11-1031,Legislators
9,,11-2000,,,"Advertising, Marketing, Promotions, Public Relations, and Sales Managers"
10,,,11-2010,,Advertising and Promotions Managers
11,,,,11-2011,Advertising and Promotions Managers
12,,,11-2020,,Marketing and Sales Managers
13,,,,11-2021,Marketing Managers
14,,,,11-2022,Sales Managers
15,,,11-2030,,Public Relations and Fundraising Managers
16,,,,11-2032,Public Relations Managers
17,,,,11-2033,Fundraising Managers
18,,11-3000,,,Operations Specialties Managers
19,,,11-3010,,Administrative Services and Facilities Managers
20,,,,11-3012,Administrative Services Managers
21,,,,11-3013,Facilities Managers
22,,,11-3020,,Computer and Information Systems Managers
23,,,,11-3021,Computer and Information Systems Managers
24,,,11-3030,,Financial Managers
25,,,,11-3031,Financial Managers
26,,,11-3050,,Industrial Production Managers
27,,,,11-3051,Industrial Production Managers
28,,,11-3060,,Purchasing Managers
29,,,,11-3061,Purchasing Managers
30,,,11-3070,,"Transportation, Storage, and Distribution Managers"
31,,,,11-3071,"Transportation, Storage, and Distribution Managers"
32,,,11-3110,,Compensation and Benefits Managers
33,,,,11-3111,Compensation and Benefits Managers
34,,,11-3120,,Human Resources Managers
35,,,,11-3121,Human Resources Managers
36,,,11-3130,,Training and Development Managers
37,,,,11-3131,Training and Development Managers
38,,11-9000,,,Other Management Occupations
39,,,11-9010,,"Farmers, Ranchers, and Other Agricultural Managers"
40,,,,11-9013,"Farmers, Ranchers, and Other Agricultural Managers"
41,,,11-9020,,Construction Managers
42,,,,11-9021,Construction Managers
43,,,11-9030,,Education and Childcare Administrators
44,,,,11-9031,"Education and Childcare Administrators, Preschool and Daycare"
45,,,,11-9032,"Education Administrators, Kindergarten through Secondary"
46,,,,11-9033,"Education Administrators, Postsecondary"
47,,,,11-9039,"Education Administrators, All Other"
48,,,11-9040,,Architectural and Engineering Managers
49,,,,11-9041,Architectural and Engineering Managers
50,,,11-9050,,Food Service Managers
51,,,,11-9051,Food Service Managers
52,,,11-9070,,Entertainment and Recreation Managers
53,,,,11-9071,Gambling Managers
54,,,,11-9072,"Entertainment and Recreation Managers, Except Gambling"
55,,,11-9080,,Lodging Managers
56,,,,11-9081,Lodging Managers
57,,,11-9110,,Medical and Health Services Managers
58,,,,11-9111,Medical and Health Services Managers
59,,,11-9120,,Natural Sciences Managers
60,,,,11-9121,Natural Sciences Managers
61,,,11-9130,,Postmasters and Mail Superintendents
62,,,,11-9131,Postmasters and Mail Superintendents
63,,,11-9140,,"Property, Real Estate, and Community Association Managers"
64,,,,11-9141,"Property, Real Estate, and Community Association Managers"
65,,,11-9150,,Social and Community Service Managers
66,,,,11-9151,Social and Community Service Managers
67,,,11-9160,,Emergency Management Directors
68,,,,11-9161,Emergency Management Directors
69,,,11-9170,,Personal Service Managers
70,,,,11-9171,Funeral Home Managers
71,,,,11-9179,"Personal Service Managers, All Other"
72,,,11-9190,,Miscellaneous Managers
73,,,,11-9199,"Managers, All Other"
74,13-0000,,,,Business and Financial Operations Occupations
75,,13-1000,,,Business Operations Specialists
76,,,13-1010,,"Agents and Business Managers of Artists, Performers, and Athletes"
77,,,,13-1011,"Agents and Business Managers of Artists, Performers, and Athletes"
78,,,13-1020,,Buyers and Purchasing Agents
79,,,,13-1021,"Buyers and Purchasing Agents, Farm Products"
80,,,,13-1022,"Wholesale and Retail Buyers, Except Farm Products"
81,,,,13-1023,"Purchasing Agents, Except Wholesale, Retail, and Farm Products"
82,,,13-1030,,"Claims Adjusters, Appraisers, Examiners, and Investigators"
83,,,,13-1031,"Claims Adjusters, Examiners, and Investigators"
84,,,,13-1032,"Insurance Appraisers, Auto Damage"
85,,,13-1040,,Compliance Officers
86,,,,13-1041,Compliance Officers
87,,,13-1050,,Cost Estimators
88,,,,13-1051,Cost Estimators
89,,,13-1070,,Human Resources Workers
90,,,,13-1071,Human Resources Specialists
91,,,,13-1074,Farm Labor Contractors
92,,,,13-1075,Labor Relations Specialists
93,,,13-1080,,Logisticians and Project Management Specialists
94,,,,13-1081,Logisticians
95,,,,13-1082,Project Management Specialists
96,,,13-1110,,Management Analysts
97,,,,13-1111,Management Analysts
98,,,13-1120,,"Meeting, Convention, and Event Planners"
99,,,,13-1121,"Meeting, Convention, and Event Planners"
100,,,13-1130,,Fundraisers
101,,,,13-1131,Fundraisers
102,,,13-1140,,"Compensation, Benefits, and Job Analysis Specialists"
103,,,,13-1141,"Compensation, Benefits, and Job Analysis Specialists"
104,,,13-1150,,Training and Development Specialists
105,,,,13-1151,Training and Development Specialists
106,,,13-1160,,Market Research Analysts and Marketing Specialists
107,,,,13-1161,Market Research Analysts and Marketing Specialists
108,,,13-1190,,Miscellaneous Business Operations Specialists
109,,,,13-1199,"Business Operations Specialists, All Other"
110,,13-2000,,,Financial Specialists
111,,,13-2010,,Accountants and Auditors
112,,,,13-2011,Accountants and Auditors
113,,,13-2020,,Property Appraisers and Assessors
114,,,,13-2022,Appraisers of Personal and Business Property
115,,,,13-2023,Appraisers and Assessors of Real Estate
116,,,13-2030,,Budget Analysts
117,,,,13-2031,Budget Analysts
118,,,13-2040,,Credit Analysts
119,,,,13-2041,Credit Analysts
120,,,13-2050,,Financial Analysts and Advisors
121,,,,13-2051,Financial and Investment Analysts
122,,,,13-2052,Personal Financial Advisors
123,,,,13-2053,Insurance Underwriters
124,,,,13-2054,Financial Risk Specialists
125,,,13-2060,,Financial Examiners
126,,,,13-2061,Financial Examiners
127,,,13-2070,,Credit Counselors and Loan Officers
128,,,,13-2071,Credit Counselors
129,,,,13-2072,Loan Officers
130,,,13-2080,,"Tax Examiners, Collectors and Preparers, and Revenue Agents"
131,,,,13-2081,"Tax Examiners and Collectors, and Revenue Agents"
132,,,,13-2082,Tax Preparers
133,,,13-2090,,Miscellaneous Financial Specialists
134,,,,13-2099,"Financial Specialists, All Other"
135,15-0000,,,,Computer and Mathematical Occupations
136,,15-1200,,,Computer Occupations
137,,,15-1210,,Computer and Information Analysts
138,,,,15-1211,Computer Systems Analysts
139,,,,15-1212,Information Security Analysts
140,,,15-1220,,Computer and Information Research Scientists
141,,,,15-1221,Computer and Information Research Scientists
142,,,15-1230,,Computer Support Specialists
143,,,,15-1231,Computer Network Support Specialists
144,,,,15-1232,Computer User Support Specialists
145,,,15-1240,,Database and Network Administrators and Architects
146,,,,15-1241,Computer Network Architects
147,,,,15-1242,Database Administrators
148,,,,15-1243,Database Architects
149,,,,15-1244,Network and Computer Systems Administrators
150,,,15-1250,,"Software and Web Developers, Programmers, and Testers"
151,,,,15-1251,Computer Programmers
152,,,,15-1252,Software Developers
153,,,,15-1253,Software Quality Assurance Analysts and Testers
154,,,,15-1254,Web Developers
155,,,,15-1255,Web and Digital Interface Designers
156,,,15-1290,,Miscellaneous Computer Occupations
157,,,,15-1299,"Computer Occupations, All Other"
158,,15-2000,,,Mathematical Science Occupations
159,,,15-2010,,Actuaries
160,,,,15-2011,Actuaries
161,,,15-2020,,Mathematicians
162,,,,15-2021,Mathematicians
163,,,15-2030,,Operations Research Analysts
164,,,,15-2031,Operations Research Analysts
165,,,15-2040,,Statisticians
166,,,,15-2041,Statisticians
167,,,15-2050,,Data Scientists
168,,,,15-2051,Data Scientists
169,,,15-2090,,Miscellaneous Mathematical Science Occupations
170,,,,15-2099,"Mathematical Science Occupations, All Other"
171,17-0000,,,,Architecture and Engineering Occupations
172,,17-1000,,,"Architects, Surveyors, and Cartographers"
173,,,17-1010,,"Architects, Except Naval"
174,,,,17-1011,"Architects, Except Landscape and Naval"
175,,,,17-1012,Landscape Architects
176,,,17-1020,,"Surveyors, Cartographers, and Photogrammetrists"
177,,,,17-1021,Cartographers and Photogrammetrists
178,,,,17-1022,Surveyors
179,,17-2000,,,Engineers
180,,,17-2010,,Aerospace Engineers
181,,,,17-2011,Aerospace Engineers
182,,,17-2020,,Agricultural Engineers
183,,,,17-2021,Agricultural Engineers
184,,,17-2030,,Bioengineers and Biomedical Engineers
185,,,,17-2031,Bioengineers and Biomedical Engineers
186,,,17-2040,,Chemical Engineers
187,,,,17-2041,Chemical Engineers
188,,,17-2050,,Civil Engineers
189,,,,17-2051,Civil Engineers
190,,,17-2060,,Computer Hardware Engineers
191,,,,17-2061,Computer Hardware Engineers
192,,,17-2070,,Electrical and Electronics Engineers
193,,,,17-2071,Electrical Engineers
194,,,,17-2072,"Electronics Engineers, Except Computer"
195,,,17-2080,,Environmental Engineers
196,,,,17-2081,Environmental Engineers
197,,,17-2110,,"Industrial Engineers, Including Health and Safety"
198,,,,17-2111,"Health and Safety Engineers, Except Mining Safety Engineers and Inspectors"
199,,,,17-2112,Industrial Engineers
200,,,17-2120,,Marine Engineers and Naval Architects
201,,,,17-2121,Marine Engineers and Naval Architects
202,,,17-2130,,Materials Engineers
203,,,,17-2131,Materials Engineers
204,,,17-2140,,Mechanical Engineers
205,,,,17-2141,Mechanical Engineers
206,,,17-2150,,"Mining and Geological Engineers, Including Mining Safety Engineers"
207,,,,17-2151,"Mining and Geological Engineers, Including Mining Safety Engineers"
208,,,17-2160,,Nuclear Engineers
209,,,,17-2161,Nuclear Engineers
210,,,17-2170,,Petroleum Engineers
211,,,,17-2171,Petroleum Engineers
212,,,17-2190,,Miscellaneous Engineers
213,,,,17-2199,"Engineers, All Other"
214,,17-3000,,,"Drafters, Engineering Technicians, and Mapping Technicians"
215,,,17-3010,,Drafters
216,,,,17-3011,Architectural and Civil Drafters
217,,,,17-3012,Electrical and Electronics Drafters
218,,,,17-3013,Mechanical Drafters
219,,,,17-3019,"Drafters, All Other"
220,,,17-3020,,"Engineering Technologists and Technicians, Except Drafters"
221,,,,17-3021,Aerospace Engineering and Operations Technologists and Technicians
222,,,,17-3022,Civil Engineering Technologists and Technicians
223,,,,17-3023,Electrical and Electronic Engineering Technologists and Technicians
224,,,,17-3024,Electro-Mechanical and Mechatronics Technologists and Technicians
225,,,,17-3025,Environmental Engineering Technologists and Technicians
226,,,,17-3026,Industrial Engineering Technologists and Technicians
227,,,,17-3027,Mechanical Engineering Technologists and Technicians
228,,,,17-3028,Calibration Technologists and Technicians
229,,,,17-3029,"Engineering Technologists and Technicians, Except Drafters, All Other"
230,,,17-3030,,Surveying and Mapping Technicians
231,,,,17-3031,Surveying and Mapping Technicians
232,19-0000,,,,"Life, Physical, and Social Science Occupations"
233,,19-1000,,,Life Scientists
234,,,19-1010,,Agricultural and Food Scientists
235,,,,19-1011,Animal Scientists
236,,,,19-1012,Food Scientists and Technologists
237,,,,19-1013,Soil and Plant Scientists
238,,,19-1020,,Biological Scientists
239,,,,19-1021,Biochemists and Biophysicists
240,,,,19-1022,Microbiologists
241,,,,19-1023,Zoologists and Wildlife Biologists
242,,,,19-1029,"Biological Scientists, All Other"
243,,,19-1030,,Conservation Scientists and Foresters
244,,,,19-1031,Conservation Scientists
245,,,,19-1032,Foresters
246,,,19-1040,,Medical Scientists
247,,,,19-1041,Epidemiologists
248,,,,19-1042,"Medical Scientists, Except Epidemiologists"
249,,,19-1090,,Miscellaneous Life Scientists
250,,,,19-1099,"Life Scientists, All Other"
251,,19-2000,,,Physical Scientists
252,,,19-2010,,Astronomers and Physicists
253,,,,19-2011,Astronomers
254,,,,19-2012,Physicists
255,,,19-2020,,Atmospheric and Space Scientists
256,,,,19-2021,Atmospheric and Space Scientists
257,,,19-2030,,Chemists and Materials Scientists
258,,,,19-2031,Chemists
259,,,,19-2032,Materials Scientists
260,,,19-2040,,Environmental Scientists and Geoscientists
261,,,,19-2041,"Environmental Scientists and Specialists, Including Health"
262,,,,19-2042,"Geoscientists, Except Hydrologists and Geographers"
263,,,,19-2043,Hydrologists
264,,,19-2090,,Miscellaneous Physical Scientists
265,,,,19-2099,"Physical Scientists, All Other"
266,,19-3000,,,Social Scientists and Related Workers
267,,,19-3010,,Economists
268,,,,19-3011,Economists
269,,,19-3020,,Survey Researchers
270,,,,19-3022,Survey Researchers
271,,,19-3030,,Psychologists
272,,,,19-3032,Industrial-Organizational Psychologists
273,,,,19-3033,Clinical and Counseling Psychologists
274,,,,19-3034,School Psychologists
275,,,,19-3039,"Psychologists, All Other"
276,,,19-3040,,Sociologists
277,,,,19-3041,Sociologists
278,,,19-3050,,Urban and Regional Planners
279,,,,19-3051,Urban and Regional Planners
280,,,19-3090,,Miscellaneous Social Scientists and Related Workers
281,,,,19-3091,Anthropologists and Archeologists
282,,,,19-3092,Geographers
283,,,,19-3093,Historians
284,,,,19-3094,Political Scientists
285,,,,19-3099,"Social Scientists and Related Workers, All Other"
286,,19-4000,,,"Life, Physical, and Social Science Technicians"
287,,,19-4010,,Agricultural and Food Science Technicians
288,,,,19-4012,Agricultural Technicians
289,,,,19-4013,Food Science Technicians
290,,,19-4020,,Biological Technicians
291,,,,19-4021,Biological Technicians
292,,,19-4030,,Chemical Technicians
293,,,,19-4031,Chemical Technicians
294,,,19-4040,,Environmental Science and Geoscience Technicians
295,,,,19-4042,"Environmental Science and Protection Technicians, Including Health"
296,,,,19-4043,"Geological Technicians, Except Hydrologic Technicians"
297,,,,19-4044,Hydrologic Technicians
298,,,19-4050,,Nuclear Technicians
299,,,,19-4051,Nuclear Technicians
300,,,19-4060,,Social Science Research Assistants
301,,,,19-4061,Social Science Research Assistants
302,,,19-4070,,Forest and Conservation Technicians
303,,,,19-4071,Forest and Conservation Technicians
304,,,19-4090,,"Miscellaneous Life, Physical, and Social Science Technicians"
305,,,,19-4092,Forensic Science Technicians
306,,,,19-4099,"Life, Physical, and Social Science Technicians, All Other"
307,,19-5000,,,Occupational Health and Safety Specialists and Technicians
308,,,19-5010,,Occupational Health and Safety Specialists and Technicians
309,,,,19-5011,Occupational Health and Safety Specialists
310,,,,19-5012,Occupational Health and Safety Technicians
311,21-0000,,,,Community and Social Service Occupations
312,,21-1000,,,"Counselors, Social Workers, and Other Community and Social Service Specialists"
313,,,21-1010,,Counselors
314,,,,21-1011,Substance Abuse and Behavioral Disorder Counselors
315,,,,21-1012,"Educational, Guidance, and Career Counselors and Advisors"
316,,,,21-1013,Marriage and Family Therapists
317,,,,21-1014,Mental Health Counselors
318,,,,21-1015,Rehabilitation Counselors
319,,,,21-1019,"Counselors, All Other"
320,,,21-1020,,Social Workers
321,,,,21-1021,"Child, Family, and School Social Workers"
322,,,,21-1022,Healthcare Social Workers
323,,,,21-1023,Mental Health and Substance Abuse Social Workers
324,,,,21-1029,"Social Workers, All Other"
325,,,21-1090,,Miscellaneous Community and Social Service Specialists
326,,,,21-1091,Health Education Specialists
327,,,,21-1092,Probation Officers and Correctional Treatment Specialists
328,,,,21-1093,Social and Human Service Assistants
329,,,,21-1094,Community Health Workers
330,,,,21-1099,"Community and Social Service Specialists, All Other"
331,,21-2000,,,Religious Workers
332,,,21-2010,,Clergy
333,,,,21-2011,Clergy
334,,,21-2020,,"Directors, Religious Activities and Education"
335,,,,21-2021,"Directors, Religious Activities and Education"
336,,,21-2090,,Miscellaneous Religious Workers
337,,,,21-2099,"Religious Workers, All Other"
338,23-0000,,,,Legal Occupations
339,,23-1000,,,"Lawyers, Judges, and Related Workers"
340,,,23-1010,,Lawyers and Judicial Law Clerks
341,,,,23-1011,Lawyers
342,,,,23-1012,Judicial Law Clerks
343,,,23-1020,,"Judges, Magistrates, and Other Judicial Workers"
344,,,,23-1021,"Administrative Law Judges, Adjudicators, and Hearing Officers"
345,,,,23-1022,"Arbitrators, Mediators, and Conciliators"
346,,,,23-1023,"Judges, Magistrate Judges, and Magistrates"
347,,23-2000,,,Legal Support Workers
348,,,23-2010,,Paralegals and Legal Assistants
349,,,,23-2011,Paralegals and Legal Assistants
350,,,23-2090,,Miscellaneous Legal Support Workers
351,,,,23-2093,"Title Examiners, Abstractors, and Searchers"
352,,,,23-2099,"Legal Support Workers, All Other"
353,25-0000,,,,Educational Instruction and Library Occupations
354,,25-1000,,,Postsecondary Teachers
355,,,25-1010,,"Business Teachers, Postsecondary"
356,,,,25-1011,"Business Teachers, Postsecondary"
357,,,25-1020,,"Math and Computer Science Teachers, Postsecondary"
358,,,,25-1021,"Computer Science Teachers, Postsecondary"
359,,,,25-1022,"Mathematical Science Teachers, Postsecondary"
360,,,25-1030,,"Engineering and Architecture Teachers, Postsecondary"
361,,,,25-1031,"Architecture Teachers, Postsecondary"
362,,,,25-1032,"Engineering Teachers, Postsecondary"
363,,,25-1040,,"Life Sciences Teachers, Postsecondary"
364,,,,25-1041,"Agricultural Sciences Teachers, Postsecondary"
365,,,,25-1042,"Biological Science Teachers, Postsecondary"
366,,,,25-1043,"Forestry and Conservation Science Teachers, Postsecondary"
367,,,25-1050,,"Physical Sciences Teachers, Postsecondary"
368,,,,25-1051,"Atmospheric, Earth, Marine, and Space Sciences Teachers, Postsecondary"
369,,,,25-1052,"Chemistry Teachers, Postsecondary"
370,,,,25-1053,"Environmental Science Teachers, Postsecondary"
371,,,,25-1054,"Physics Teachers, Postsecondary"
372,,,25-1060,,"Social Sciences Teachers, Postsecondary"
373,,,,25-1061,"Anthropology and Archeology Teachers, Postsecondary"
374,,,,25-1062,"Area, Ethnic, and Cultural Studies Teachers, Postsecondary"
375,,,,25-1063,"Economics Teachers, Postsecondary"
376,,,,25-1064,"Geography Teachers, Postsecondary"
377,,,,25-1065,"Political Science Teachers, Postsecondary"
378,,,,25-1066,"Psychology Teachers, Postsecondary"
379,,,,25-1067,"Sociology Teachers, Postsecondary"
380,,,,25-1069,"Social Sciences Teachers, Postsecondary, All Other"
381,,,25-1070,,"Health Teachers, Postsecondary"
382,,,,25-1071,"Health Specialties Teachers, Postsecondary"
383,,,,25-1072,"Nursing Instructors and Teachers, Postsecondary"
384,,,25-1080,,"Education and Library Science Teachers, Postsecondary"
385,,,,25-1081,"Education Teachers, Postsecondary"
386,,,,25-1082,"Library Science Teachers, Postsecondary"
387,,,25-1110,,"Law, Criminal Justice, and Social Work Teachers, Postsecondary"
388,,,,25-1111,"Criminal Justice and Law Enforcement Teachers, Postsecondary"
389,,,,25-1112,"Law Teachers, Postsecondary"
390,,,,25-1113,"Social Work Teachers, Postsecondary"
391,,,25-1120,,"Arts, Communications, History, and Humanities Teachers, Postsecondary"
392,,,,25-1121,"Art, Drama, and Music Teachers, Postsecondary"
393,,,,25-1122,"Communications Teachers, Postsecondary"
394,,,,25-1123,"English Language and Literature Teachers, Postsecondary"
395,,,,25-1124,"Foreign Language and Literature Teachers, Postsecondary"
396,,,,25-1125,"History Teachers, Postsecondary"
397,,,,25-1126,"Philosophy and Religion Teachers, Postsecondary"
398,,,25-1190,,Miscellaneous Postsecondary Teachers
399,,,,25-1192,"Family and Consumer Sciences Teachers, Postsecondary"
400,,,,25-1193,"Recreation and Fitness Studies Teachers, Postsecondary"
401,,,,25-1194,"Career/Technical Education Teachers, Postsecondary"
402,,,,25-1199,"Postsecondary Teachers, All Other"
403,,25-2000,,,"Preschool, Elementary, Middle, Secondary, and Special Education Teachers"
404,,,25-2010,,Preschool and Kindergarten Teachers
405,,,,25-2011,"Preschool Teachers, Except Special Education"
406,,,,25-2012,"Kindergarten Teachers, Except Special Education"
407,,,25-2020,,Elementary and Middle School Teachers
408,,,,25-2021,"Elementary School Teachers, Except Special Education"
409,,,,25-2022,"Middle School Teachers, Except Special and Career/Technical Education"
410,,,,25-2023,"Career/Technical Education Teachers, Middle School"
411,,,25-2030,,Secondary School Teachers
412,,,,25-2031,"Secondary School Teachers, Except Special and Career/Technical Education"
413,,,,25-2032,"Career/Technical Education Teachers, Secondary School"
414,,,25-2050,,Special Education Teachers
415,,,,25-2051,"Special Education Teachers, Preschool"
416,,,,25-2055,"Special Education Teachers, Kindergarten"
417,,,,25-2056,"Special Education Teachers, Elementary School"
418,,,,25-2057,"Special Education Teachers, Middle School"
419,,,,25-2058,"Special Education Teachers, Secondary School"
420,,,,25-2059,"Special Education Teachers, All Other"
421,,25-3000,,,Other Teachers and Instructors
422,,,25-3010,,"Adult Basic Education, Adult Secondary Education, and English as a Second Language Instructors"
423,,,,25-3011,"Adult Basic Education, Adult Secondary Education, and English as a Second Language Instructors"
424,,,25-3020,,Self-Enrichment Teachers
425,,,,25-3021,Self-Enrichment Teachers
426,,,25-3030,,"Substitute Teachers, Short-Term"
427,,,,25-3031,"Substitute Teachers, Short-Term"
428,,,25-3040,,Tutors
429,,,,25-3041,Tutors
430,,,25-3090,,Miscellaneous Teachers and Instructors
431,,,,25-3099,"Teachers and Instructors, All Other"
432,,25-4000,,,"Librarians, Curators, and Archivists"
433,,,25-4010,,"Archivists, Curators, and Museum Technicians"
434,,,,25-4011,Archivists
435,,,,25-4012,Curators
436,,,,25-4013,Museum Technicians and Conservators
437,,,25-4020,,Librarians and Media Collections Specialists
438,,,,25-4022,Librarians and Media Collections Specialists
439,,,25-4030,,Library Technicians
440,,,,25-4031,Library Technicians
441,,25-9000,,,Other Educational Instruction and Library Occupations
442,,,25-9020,,Farm and Home Management Educators
443,,,,25-9021,Farm and Home Management Educators
444,,,25-9030,,Instructional Coordinators
445,,,,25-9031,Instructional Coordinators
446,,,25-9040,,Teaching Assistants
447,,,,25-9042,"Teaching Assistants, Preschool, Elementary, Middle, and Secondary School, Except Special Education"
448,,,,25-9043,"Teaching Assistants, Special Education"
449,,,,25-9044,"Teaching Assistants, Postsecondary"
450,,,,25-9049,"Teaching Assistants, All Other"
451,,,25-9090,,Miscellaneous Educational Instruction and Library Workers
452,,,,25-9099,"Educational Instruction and Library Workers, All Other"
453,27-0000,,,,"Arts, Design, Entertainment, Sports, and Media Occupations"
454,,27-1000,,,Art and Design Workers
455,,,27-1010,,Artists and Related Workers
456,,,,27-1011,Art Directors
457,,,,27-1012,Craft Artists
458,,,,27-1013,"Fine Artists, Including Painters, Sculptors, and Illustrators"
459,,,,27-1014,Special Effects Artists and Animators
460,,,,27-1019,"Artists and Related Workers, All Other"
461,,,27-1020,,Designers
462,,,,27-1021,Commercial and Industrial Designers
463,,,,27-1022,Fashion Designers
464,,,,27-1023,Floral Designers
465,,,,27-1024,Graphic Designers
466,,,,27-1025,Interior Designers
467,,,,27-1026,Merchandise Displayers and Window Trimmers
468,,,,27-1027,Set and Exhibit Designers
469,,,,27-1029,"Designers, All Other"
470,,27-2000,,,"Entertainers and Performers, Sports and Related Workers"
471,,,27-2010,,"Actors, Producers, and Directors"
472,,,,27-2011,Actors
473,,,,27-2012,Producers and Directors
474,,,27-2020,,"Athletes, Coaches, Umpires, and Related Workers"
475,,,,27-2021,Athletes and Sports Competitors
476,,,,27-2022,Coaches and Scouts
477,,,,27-2023,"Umpires, Referees, and Other Sports Officials"
478,,,27-2030,,Dancers and Choreographers
479,,,,27-2031,Dancers
480,,,,27-2032,Choreographers
481,,,27-2040,,"Musicians, Singers, and Related Workers"
482,,,,27-2041,Music Directors and Composers
483,,,,27-2042,Musicians and Singers
484,,,27-2090,,"Miscellaneous Entertainers and Performers, Sports and Related Workers"
485,,,,27-2091,"Disc Jockeys, Except Radio"
486,,,,27-2099,"Entertainers and Performers, Sports and Related Workers, All Other"
487,,27-3000,,,Media and Communication Workers
488,,,27-3010,,Broadcast Announcers and Radio Disc Jockeys
489,,,,27-3011,Broadcast Announcers and Radio Disc Jockeys
490,,,27-3020,,"News Analysts, Reporters and Journalists"
491,,,,27-3023,"News Analysts, Reporters, and Journalists"
492,,,27-3030,,Public Relations Specialists
493,,,,27-3031,Public Relations Specialists
494,,,27-3040,,Writers and Editors
495,,,,27-3041,Editors
496,,,,27-3042,Technical Writers
497,,,,27-3043,Writers and Authors
498,,,27-3090,,Miscellaneous Media and Communication Workers
499,,,,27-3091,Interpreters and Translators
500,,,,27-3092,Court Reporters and Simultaneous Captioners
501,,,,27-3099,"Media and Communication Workers, All Other"
502,,27-4000,,,Media and Communication Equipment Workers
503,,,27-4010,,"Broadcast, Sound, and Lighting Technicians"
504,,,,27-4011,Audio and Video Technicians
505,,,,27-4012,Broadcast Technicians
506,,,,27-4014,Sound Engineering Technicians
507,,,,27-4015,Lighting Technicians
508,,,27-4020,,Photographers
509,,,,27-4021,Photographers
510,,,27-4030,,"Television, Video, and Film Camera Operators and Editors"
511,,,,27-4031,"Camera Operators, Television, Video, and Film"
512,,,,27-4032,Film and Video Editors
513,,,27-4090,,Miscellaneous Media and Communication Equipment Workers
514,,,,27-4099,"Media and Communication Equipment Workers, All Other"
515,29-0000,,,,Healthcare Practitioners and Technical Occupations
516,,29-1000,,,Healthcare Diagnosing or Treating Practitioners
517,,,29-1010,,Chiropractors
518,,,,29-1011,Chiropractors
519,,,29-1020,,Dentists
520,,,,29-1021,"Dentists, General"
521,,,,29-1022,Oral and Maxillofacial Surgeons
522,,,,29-1023,Orthodontists
523,,,,29-1024,Prosthodontists
524,,,,29-1029,"Dentists, All Other Specialists"
525,,,29-1030,,Dietitians and Nutritionists
526,,,,29-1031,Dietitians and Nutritionists
527,,,29-1040,,Optometrists
528,,,,29-1041,Optometrists
529,,,29-1050,,Pharmacists
530,,,,29-1051,Pharmacists
531,,,29-1070,,Physician Assistants
532,,,,29-1071,Physician Assistants
533,,,29-1080,,Podiatrists
534,,,,29-1081,Podiatrists
535,,,29-1120,,Therapists
536,,,,29-1122,Occupational Therapists
537,,,,29-1123,Physical Therapists
538,,,,29-1124,Radiation Therapists
539,,,,29-1125,Recreational Therapists
540,,,,29-1126,Respiratory Therapists
541,,,,29-1127,Speech-Language Pathologists
542,,,,29-1128,Exercise Physiologists
543,,,,29-1129,"Therapists, All Other"
544,,,29-1130,,Veterinarians
545,,,,29-1131,Veterinarians
546,,,29-1140,,Registered Nurses
547,,,,29-1141,Registered Nurses
548,,,29-1150,,Nurse Anesthetists
549,,,,29-1151,Nurse Anesthetists
550,,,29-1160,,Nurse Midwives
551,,,,29-1161,Nurse Midwives
552,,,29-1170,,Nurse Practitioners
553,,,,29-1171,Nurse Practitioners
554,,,29-1180,,Audiologists
555,,,,29-1181,Audiologists
556,,,29-1210,,Physicians
557,,,,29-1211,Anesthesiologists
558,,,,29-1212,Cardiologists
559,,,,29-1213,Dermatologists
560,,,,29-1214,Emergency Medicine Physicians
561,,,,29-1215,Family Medicine Physicians
562,,,,29-1216,General Internal Medicine Physicians
563,,,,29-1217,Neurologists
564,,,,29-1218,Obstetricians and Gynecologists
565,,,,29-1221,"Pediatricians, General"
566,,,,29-1222,"Physicians, Pathologists"
567,,,,29-1223,Psychiatrists
568,,,,29-1224,Radiologists
569,,,,29-1229,"Physicians, All Other"
570,,,29-1240,,Surgeons
571,,,,29-1241,"Ophthalmologists, Except Pediatric"
572,,,,29-1242,"Orthopedic Surgeons, Except Pediatric"
573,,,,29-1243,Pediatric Surgeons
574,,,,29-1249,"Surgeons, All Other"
575,,,29-1290,,Miscellaneous Healthcare Diagnosing or Treating Practitioners
576,,,,29-1291,Acupuncturists
577,,,,29-1292,Dental Hygienists
578,,,,29-1299,"Healthcare Diagnosing or Treating Practitioners, All Other"
579,,29-2000,,,Health Technologists and Technicians
580,,,29-2010,,Clinical Laboratory Technologists and Technicians
581,,,,29-2011,Medical and Clinical Laboratory Technologists
582,,,,29-2012,Medical and Clinical Laboratory Technicians
583,,,29-2030,,Diagnostic Related Technologists and Technicians
584,,,,29-2031,Cardiovascular Technologists and Technicians
585,,,,29-2032,Diagnostic Medical Sonographers
586,,,,29-2033,Nuclear Medicine Technologists
587,,,,29-2034,Radiologic Technologists and Technicians
588,,,,29-2035,Magnetic Resonance Imaging Technologists
589,,,,29-2036,Medical Dosimetrists
590,,,29-2040,,Emergency Medical Technicians and Paramedics
591,,,,29-2042,Emergency Medical Technicians
592,,,,29-2043,Paramedics
593,,,29-2050,,Health Practitioner Support Technologists and Technicians
594,,,,29-2051,Dietetic Technicians
595,,,,29-2052,Pharmacy Technicians
596,,,,29-2053,Psychiatric Technicians
597,,,,29-2055,Surgical Technologists
598,,,,29-2056,Veterinary Technologists and Technicians
599,,,,29-2057,Ophthalmic Medical Technicians
600,,,29-2060,,Licensed Practical and Licensed Vocational Nurses
601,,,,29-2061,Licensed Practical and Licensed Vocational Nurses
602,,,29-2070,,Medical Records Specialists
603,,,,29-2072,Medical Records Specialists
604,,,29-2080,,"Opticians, Dispensing"
605,,,,29-2081,"Opticians, Dispensing"
606,,,29-2090,,Miscellaneous Health Technologists and Technicians
607,,,,29-2091,Orthotists and Prosthetists
608,,,,29-2092,Hearing Aid Specialists
609,,,,29-2099,"Health Technologists and Technicians, All Other"
610,,29-9000,,,Other Healthcare Practitioners and Technical Occupations
611,,,29-9020,,Health Information Technologists and Medical Registrars
612,,,,29-9021,Health Information Technologists and Medical Registrars
613,,,29-9090,,Miscellaneous Health Practitioners and Technical Workers
614,,,,29-9091,Athletic Trainers
615,,,,29-9092,Genetic Counselors
616,,,,29-9093,Surgical Assistants
617,,,,29-9099,"Healthcare Practitioners and Technical Workers, All Other"
618,31-0000,,,,Healthcare Support Occupations
619,,31-1100,,,"Home Health and Personal Care Aides; and Nursing Assistants, Orderlies, and Psychiatric Aides"
620,,,31-1120,,Home Health and Personal Care Aides
621,,,,31-1121,Home Health Aides
622,,,,31-1122,Personal Care Aides
623,,,31-1130,,"Nursing Assistants, Orderlies, and Psychiatric Aides"
624,,,,31-1131,Nursing Assistants
625,,,,31-1132,Orderlies
626,,,,31-1133,Psychiatric Aides
627,,31-2000,,,Occupational Therapy and Physical Therapist Assistants and Aides
628,,,31-2010,,Occupational Therapy Assistants and Aides
629,,,,31-2011,Occupational Therapy Assistants
630,,,,31-2012,Occupational Therapy Aides
631,,,31-2020,,Physical Therapist Assistants and Aides
632,,,,31-2021,Physical Therapist Assistants
633,,,,31-2022,Physical Therapist Aides
634,,31-9000,,,Other Healthcare Support Occupations
635,,,31-9010,,Massage Therapists
636,,,,31-9011,Massage Therapists
637,,,31-9090,,Miscellaneous Healthcare Support Occupations
638,,,,31-9091,Dental Assistants
639,,,,31-9092,Medical Assistants
640,,,,31-9093,Medical Equipment Preparers
641,,,,31-9094,Medical Transcriptionists
642,,,,31-9095,Pharmacy Aides
643,,,,31-9096,Veterinary Assistants and Laboratory Animal Caretakers
644,,,,31-9097,Phlebotomists
645,,,,31-9099,"Healthcare Support Workers, All Other"
646,33-0000,,,,Protective Service Occupations
647,,33-1000,,,Supervisors of Protective Service Workers
648,,,33-1010,,First-Line Supervisors of Law Enforcement Workers
649,,,,33-1011,First-Line Supervisors of Correctional Officers
650,,,,33-1012,First-Line Supervisors of Police and Detectives
651,,,33-1020,,First-Line Supervisors of Firefighting and Prevention Workers
652,,,,33-1021,First-Line Supervisors of Firefighting and Prevention Workers
653,,,33-1090,,"Miscellaneous First-Line Supervisors, Protective Service Workers"
654,,,,33-1091,First-Line Supervisors of Security Workers
655,,,,33-1099,"First-Line Supervisors of Protective Service Workers, All Other"
656,,33-2000,,,Firefighting and Prevention Workers
657,,,33-2010,,Firefighters
658,,,,33-2011,Firefighters
659,,,33-2020,,Fire Inspectors
660,,,,33-2021,Fire Inspectors and Investigators
661,,,,33-2022,Forest Fire Inspectors and Prevention Specialists
662,,33-3000,,,Law Enforcement Workers
663,,,33-3010,,"Bailiffs, Correctional Officers, and Jailers"
664,,,,33-3011,Bailiffs
665,,,,33-3012,Correctional Officers and Jailers
666,,,33-3020,,Detectives and Criminal Investigators
667,,,,33-3021,Detectives and Criminal Investigators
668,,,33-3030,,Fish and Game Wardens
669,,,,33-3031,Fish and Game Wardens
670,,,33-3040,,Parking Enforcement Workers
671,,,,33-3041,Parking Enforcement Workers
672,,,33-3050,,Police Officers
673,,,,33-3051,Police and Sheriff’s Patrol Officers
674,,,,33-3052,Transit and Railroad Police
675,,33-9000,,,Other Protective Service Workers
676,,,33-9010,,Animal Control Workers
677,,,,33-9011,Animal Control Workers
678,,,33-9020,,Private Detectives and Investigators
679,,,,33-9021,Private Detectives and Investigators
680,,,33-9030,,Security Guards and Gambling Surveillance Officers
681,,,,33-9031,Gambling Surveillance Officers and Gambling Investigators
682,,,,33-9032,Security Guards
683,,,33-9090,,Miscellaneous Protective Service Workers
684,,,,33-9091,Crossing Guards and Flaggers
685,,,,33-9092,"Lifeguards, Ski Patrol, and Other Recreational Protective Service Workers"
686,,,,33-9093,Transportation Security Screeners
687,,,,33-9094,School Bus Monitors
688,,,,33-9099,"Protective Service Workers, All Other"
689,35-0000,,,,Food Preparation and Serving Related Occupations
690,,35-1000,,,Supervisors of Food Preparation and Serving Workers
691,,,35-1010,,Supervisors of Food Preparation and Serving Workers
692,,,,35-1011,Chefs and Head Cooks
693,,,,35-1012,First-Line Supervisors of Food Preparation and Serving Workers
694,,35-2000,,,Cooks and Food Preparation Workers
695,,,35-2010,,Cooks
696,,,,35-2011,"Cooks, Fast Food"
697,,,,35-2012,"Cooks, Institution and Cafeteria"
698,,,,35-2013,"Cooks, Private Household"
699,,,,35-2014,"Cooks, Restaurant"
700,,,,35-2015,"Cooks, Short Order"
701,,,,35-2019,"Cooks, All Other"
702,,,35-2020,,Food Preparation Workers
703,,,,35-2021,Food Preparation Workers
704,,35-3000,,,Food and Beverage Serving Workers
705,,,35-3010,,Bartenders
706,,,,35-3011,Bartenders
707,,,35-3020,,Fast Food and Counter Workers
708,,,,35-3023,Fast Food and Counter Workers
709,,,35-3030,,Waiters and Waitresses
710,,,,35-3031,Waiters and Waitresses
711,,,35-3040,,"Food Servers, Nonrestaurant"
712,,,,35-3041,"Food Servers, Nonrestaurant"
713,,35-9000,,,Other Food Preparation and Serving Related Workers
714,,,35-9010,,Dining Room and Cafeteria Attendants and Bartender Helpers
715,,,,35-9011,Dining Room and Cafeteria Attendants and Bartender Helpers
716,,,35-9020,,Dishwashers
717,,,,35-9021,Dishwashers
718,,,35-9030,,"Hosts and Hostesses, Restaurant, Lounge, and Coffee Shop"
719,,,,35-9031,"Hosts and Hostesses, Restaurant, Lounge, and Coffee Shop"
720,,,35-9090,,Miscellaneous Food Preparation and Serving Related Workers
721,,,,35-9099,"Food Preparation and Serving Related Workers, All Other"
722,37-0000,,,,Building and Grounds Cleaning and Maintenance Occupations
723,,37-1000,,,Supervisors of Building and Grounds Cleaning and Maintenance Workers
724,,,37-1010,,First-Line Supervisors of Building and Grounds Cleaning and Maintenance Workers
725,,,,37-1011,First-Line Supervisors of Housekeeping and Janitorial Workers
726,,,,37-1012,"First-Line Supervisors of Landscaping, Lawn Service, and Groundskeeping Workers"
727,,37-2000,,,Building Cleaning and Pest Control Workers
728,,,37-2010,,Building Cleaning Workers
729,,,,37-2011,"Janitors and Cleaners, Except Maids and Housekeeping Cleaners"
730,,,,37-2012,Maids and Housekeeping Cleaners
731,,,,37-2019,"Building Cleaning Workers, All Other"
732,,,37-2020,,Pest Control Workers
733,,,,37-2021,Pest Control Workers
734,,37-3000,,,Grounds Maintenance Workers
735,,,37-3010,,Grounds Maintenance Workers
736,,,,37-3011,Landscaping and Groundskeeping Workers
737,,,,37-3012,"Pesticide Handlers, Sprayers, and Applicators, Vegetation"
738,,,,37-3013,Tree Trimmers and Pruners
739,,,,37-3019,"Grounds Maintenance Workers, All Other"
740,39-0000,,,,Personal Care and Service Occupations
741,,39-1000,,,Supervisors of Personal Care and Service Workers
742,,,39-1010,,First-Line Supervisors of Entertainment and Recreation Workers
743,,,,39-1013,First-Line Supervisors of Gambling Services Workers
744,,,,39-1014,"First-Line Supervisors of Entertainment and Recreation Workers, Except Gambling Services"
745,,,39-1020,,First-Line Supervisors of Personal Service Workers
746,,,,39-1022,First-Line Supervisors of Personal Service Workers
747,,39-2000,,,Animal Care and Service Workers
748,,,39-2010,,Animal Trainers
749,,,,39-2011,Animal Trainers
750,,,39-2020,,Animal Caretakers
751,,,,39-2021,Animal Caretakers
752,,39-3000,,,Entertainment Attendants and Related Workers
753,,,39-3010,,Gambling Services Workers
754,,,,39-3011,Gambling Dealers
755,,,,39-3012,Gambling and Sports Book Writers and Runners
756,,,,39-3019,"Gambling Service Workers, All Other"
757,,,39-3020,,Motion Picture Projectionists
758,,,,39-3021,Motion Picture Projectionists
759,,,39-3030,,"Ushers, Lobby Attendants, and Ticket Takers"
760,,,,39-3031,"Ushers, Lobby Attendants, and Ticket Takers"
761,,,39-3090,,Miscellaneous Entertainment Attendants and Related Workers
762,,,,39-3091,Amusement and Recreation Attendants
763,,,,39-3092,Costume Attendants
764,,,,39-3093,"Locker Room, Coatroom, and Dressing Room Attendants"
765,,,,39-3099,"Entertainment Attendants and Related Workers, All Other"
766,,39-4000,,,Funeral Service Workers
767,,,39-4010,,Embalmers and Crematory Operators
768,,,,39-4011,Embalmers
769,,,,39-4012,Crematory Operators
770,,,39-4020,,Funeral Attendants
771,,,,39-4021,Funeral Attendants
772,,,39-4030,,"Morticians, Undertakers, and Funeral Arrangers"
773,,,,39-4031,"Morticians, Undertakers, and Funeral Arrangers"
774,,39-5000,,,Personal Appearance Workers
775,,,39-5010,,"Barbers, Hairdressers, Hairstylists and Cosmetologists"
776,,,,39-5011,Barbers
777,,,,39-5012,"Hairdressers, Hairstylists, and Cosmetologists"
778,,,39-5090,,Miscellaneous Personal Appearance Workers
779,,,,39-5091,"Makeup Artists, Theatrical and Performance"
780,,,,39-5092,Manicurists and Pedicurists
781,,,,39-5093,Shampooers
782,,,,39-5094,Skincare Specialists
783,,39-6000,,,"Baggage Porters, Bellhops, and Concierges"
784,,,39-6010,,"Baggage Porters, Bellhops, and Concierges"
785,,,,39-6011,Baggage Porters and Bellhops
786,,,,39-6012,Concierges
787,,39-7000,,,Tour and Travel Guides
788,,,39-7010,,Tour and Travel Guides
789,,,,39-7011,Tour Guides and Escorts
790,,,,39-7012,Travel Guides
791,,39-9000,,,Other Personal Care and Service Workers
792,,,39-9010,,Childcare Workers
793,,,,39-9011,Childcare Workers
794,,,39-9030,,Recreation and Fitness Workers
795,,,,39-9031,Exercise Trainers and Group Fitness Instructors
796,,,,39-9032,Recreation Workers
797,,,39-9040,,Residential Advisors
798,,,,39-9041,Residential Advisors
799,,,39-9090,,Miscellaneous Personal Care and Service Workers
800,,,,39-9099,"Personal Care and Service Workers, All Other"
801,41-0000,,,,Sales and Related Occupations
802,,41-1000,,,Supervisors of Sales Workers
803,,,41-1010,,First-Line Supervisors of Sales Workers
804,,,,41-1011,First-Line Supervisors of Retail Sales Workers
805,,,,41-1012,First-Line Supervisors of Non-Retail Sales Workers
806,,41-2000,,,Retail Sales Workers
807,,,41-2010,,Cashiers
808,,,,41-2011,Cashiers
809,,,,41-2012,Gambling Change Persons and Booth Cashiers
810,,,41-2020,,Counter and Rental Clerks and Parts Salespersons
811,,,,41-2021,Counter and Rental Clerks
812,,,,41-2022,Parts Salespersons
813,,,41-2030,,Retail Salespersons
814,,,,41-2031,Retail Salespersons
815,,41-3000,,,"Sales Representatives, Services"
816,,,41-3010,,Advertising Sales Agents
817,,,,41-3011,Advertising Sales Agents
818,,,41-3020,,Insurance Sales Agents
819,,,,41-3021,Insurance Sales Agents
820,,,41-3030,,"Securities, Commodities, and Financial Services Sales Agents"
821,,,,41-3031,"Securities, Commodities, and Financial Services Sales Agents"
822,,,41-3040,,Travel Agents
823,,,,41-3041,Travel Agents
824,,,41-3090,,"Miscellaneous Sales Representatives, Services"
825,,,,41-3091,"Sales Representatives of Services, Except Advertising, Insurance, Financial Services, and Travel"
826,,41-4000,,,"Sales Representatives, Wholesale and Manufacturing"
827,,,41-4010,,"Sales Representatives, Wholesale and Manufacturing"
828,,,,41-4011,"Sales Representatives, Wholesale and Manufacturing, Technical and Scientific Products"
829,,,,41-4012,"Sales Representatives, Wholesale and Manufacturing, Except Technical and Scientific Products"
830,,41-9000,,,Other Sales and Related Workers
831,,,41-9010,,"Models, Demonstrators, and Product Promoters"
832,,,,41-9011,Demonstrators and Product Promoters
833,,,,41-9012,Models
834,,,41-9020,,Real Estate Brokers and Sales Agents
835,,,,41-9021,Real Estate Brokers
836,,,,41-9022,Real Estate Sales Agents
837,,,41-9030,,Sales Engineers
838,,,,41-9031,Sales Engineers
839,,,41-9040,,Telemarketers
840,,,,41-9041,Telemarketers
841,,,41-9090,,Miscellaneous Sales and Related Workers
842,,,,41-9091,"Door-to-Door Sales Workers, News and Street Vendors, and Related Workers"
843,,,,41-9099,"Sales and Related Workers, All Other"
844,43-0000,,,,Office and Administrative Support Occupations
845,,43-1000,,,Supervisors of Office and Administrative Support Workers
846,,,43-1010,,First-Line Supervisors of Office and Administrative Support Workers
847,,,,43-1011,First-Line Supervisors of Office and Administrative Support Workers
848,,43-2000,,,Communications Equipment Operators
849,,,43-2010,,"Switchboard Operators, Including Answering Service"
850,,,,43-2011,"Switchboard Operators, Including Answering Service"
851,,,43-2020,,Telephone Operators
852,,,,43-2021,Telephone Operators
853,,,43-2090,,Miscellaneous Communications Equipment Operators
854,,,,43-2099,"Communications Equipment Operators, All Other"
855,,43-3000,,,Financial Clerks
856,,,43-3010,,Bill and Account Collectors
857,,,,43-3011,Bill and Account Collectors
858,,,43-3020,,Billing and Posting Clerks
859,,,,43-3021,Billing and Posting Clerks
860,,,43-3030,,"Bookkeeping, Accounting, and Auditing Clerks"
861,,,,43-3031,"Bookkeeping, Accounting, and Auditing Clerks"
862,,,43-3040,,Gambling Cage Workers
863,,,,43-3041,Gambling Cage Workers
864,,,43-3050,,Payroll and Timekeeping Clerks
865,,,,43-3051,Payroll and Timekeeping Clerks
866,,,43-3060,,Procurement Clerks
867,,,,43-3061,Procurement Clerks
868,,,43-3070,,Tellers
869,,,,43-3071,Tellers
870,,,43-3090,,Miscellaneous Financial Clerks
871,,,,43-3099,"Financial Clerks, All Other"
872,,43-4000,,,Information and Record Clerks
873,,,43-4010,,Brokerage Clerks
874,,,,43-4011,Brokerage Clerks
875,,,43-4020,,Correspondence Clerks
876,,,,43-4021,Correspondence Clerks
877,,,43-4030,,"Court, Municipal, and License Clerks"
878,,,,43-4031,"Court, Municipal, and License Clerks"
879,,,43-4040,,"Credit Authorizers, Checkers, and Clerks"
880,,,,43-4041,"Credit Authorizers, Checkers, and Clerks"
881,,,43-4050,,Customer Service Representatives
882,,,,43-4051,Customer Service Representatives
883,,,43-4060,,"Eligibility Interviewers, Government Programs"
884,,,,43-4061,"Eligibility Interviewers, Government Programs"
885,,,43-4070,,File Clerks
886,,,,43-4071,File Clerks
887,,,43-4080,,"Hotel, Motel, and Resort Desk Clerks"
888,,,,43-4081,"Hotel, Motel, and Resort Desk Clerks"
889,,,43-4110,,"Interviewers, Except Eligibility and Loan"
890,,,,43-4111,"Interviewers, Except Eligibility and Loan"
891,,,43-4120,,"Library Assistants, Clerical"
892,,,,43-4121,"Library Assistants, Clerical"
893,,,43-4130,,Loan Interviewers and Clerks
894,,,,43-4131,Loan Interviewers and Clerks
895,,,43-4140,,New Accounts Clerks
896,,,,43-4141,New Accounts Clerks
897,,,43-4150,,Order Clerks
898,,,,43-4151,Order Clerks
899,,,43-4160,,"Human Resources Assistants, Except Payroll and Timekeeping"
900,,,,43-4161,"Human Resources Assistants, Except Payroll and Timekeeping"
901,,,43-4170,,Receptionists and Information Clerks
902,,,,43-4171,Receptionists and Information Clerks
903,,,43-4180,,Reservation and Transportation Ticket Agents and Travel Clerks
904,,,,43-4181,Reservation and Transportation Ticket Agents and Travel Clerks
905,,,43-4190,,Miscellaneous Information and Record Clerks
906,,,,43-4199,"Information and Record Clerks, All Other"
907,,43-5000,,,"Material Recording, Scheduling, Dispatching, and Distributing Workers"
908,,,43-5010,,Cargo and Freight Agents
909,,,,43-5011,Cargo and Freight Agents
910,,,43-5020,,Couriers and Messengers
911,,,,43-5021,Couriers and Messengers
912,,,43-5030,,Dispatchers
913,,,,43-5031,Public Safety Telecommunicators
914,,,,43-5032,"Dispatchers, Except Police, Fire, and Ambulance"
915,,,43-5040,,"Meter Readers, Utilities"
916,,,,43-5041,"Meter Readers, Utilities"
917,,,43-5050,,Postal Service Workers
918,,,,43-5051,Postal Service Clerks
919,,,,43-5052,Postal Service Mail Carriers
920,,,,43-5053,"Postal Service Mail Sorters, Processors, and Processing Machine Operators"
921,,,43-5060,,"Production, Planning, and Expediting Clerks"
922,,,,43-5061,"Production, Planning, and Expediting Clerks"
923,,,43-5070,,"Shipping, Receiving, and Inventory Clerks"
924,,,,43-5071,"Shipping, Receiving, and Inventory Clerks"
925,,,43-5110,,"Weighers, Measurers, Checkers, and Samplers, Recordkeeping"
926,,,,43-5111,"Weighers, Measurers, Checkers, and Samplers, Recordkeeping"
927,,43-6000,,,Secretaries and Administrative Assistants
928,,,43-6010,,Secretaries and Administrative Assistants
929,,,,43-6011,Executive Secretaries and Executive Administrative Assistants
930,,,,43-6012,Legal Secretaries and Administrative Assistants
931,,,,43-6013,Medical Secretaries and Administrative Assistants
932,,,,43-6014,"Secretaries and Administrative Assistants, Except Legal, Medical, and Executive"
933,,43-9000,,,Other Office and Administrative Support Workers
934,,,43-9020,,Data Entry and Information Processing Workers
935,,,,43-9021,Data Entry Keyers
936,,,,43-9022,Word Processors and Typists
937,,,43-9030,,Desktop Publishers
938,,,,43-9031,Desktop Publishers
939,,,43-9040,,Insurance Claims and Policy Processing Clerks
940,,,,43-9041,Insurance Claims and Policy Processing Clerks
941,,,43-9050,,"Mail Clerks and Mail Machine Operators, Except Postal Service"
942,,,,43-9051,"Mail Clerks and Mail Machine Operators, Except Postal Service"
943,,,43-9060,,"Office Clerks, General"
944,,,,43-9061,"Office Clerks, General"
945,,,43-9070,,"Office Machine Operators, Except Computer"
946,,,,43-9071,"Office Machine Operators, Except Computer"
947,,,43-9080,,Proofreaders and Copy Markers
948,,,,43-9081,Proofreaders and Copy Markers
949,,,43-9110,,Statistical Assistants
950,,,,43-9111,Statistical Assistants
951,,,43-9190,,Miscellaneous Office and Administrative Support Workers
952,,,,43-9199,"Office and Administrative Support Workers, All Other"
953,45-0000,,,,"Farming, Fishing, and Forestry Occupations"
954,,45-1000,,,"Supervisors of Farming, Fishing, and Forestry Workers"
955,,,45-1010,,"First-Line Supervisors of Farming, Fishing, and Forestry Workers"
956,,,,45-1011,"First-Line Supervisors of Farming, Fishing, and Forestry Workers"
957,,45-2000,,,Agricultural Workers
958,,,45-2010,,Agricultural Inspectors
959,,,,45-2011,Agricultural Inspectors
960,,,45-2020,,Animal Breeders
961,,,,45-2021,Animal Breeders
962,,,45-2040,,"Graders and Sorters, Agricultural Products"
963,,,,45-2041,"Graders and Sorters, Agricultural Products"
964,,,45-2090,,Miscellaneous Agricultural Workers
965,,,,45-2091,Agricultural Equipment Operators
966,,,,45-2092,"Farmworkers and Laborers, Crop, Nursery, and Greenhouse"
967,,,,45-2093,"Farmworkers, Farm, Ranch, and Aquacultural Animals"
968,,,,45-2099,"Agricultural Workers, All Other"
969,,45-3000,,,Fishing and Hunting Workers
970,,,45-3030,,Fishing and Hunting Workers
971,,,,45-3031,Fishing and Hunting Workers
972,,45-4000,,,"Forest, Conservation, and Logging Workers"
973,,,45-4010,,Forest and Conservation Workers
974,,,,45-4011,Forest and Conservation Workers
975,,,45-4020,,Logging Workers
976,,,,45-4021,Fallers
977,,,,45-4022,Logging Equipment Operators
978,,,,45-4023,Log Graders and Scalers
979,,,,45-4029,"Logging Workers, All Other"
980,47-0000,,,,Construction and Extraction Occupations
981,,47-1000,,,Supervisors of Construction and Extraction Workers
982,,,47-1010,,First-Line Supervisors of Construction Trades and Extraction Workers
983,,,,47-1011,First-Line Supervisors of Construction Trades and Extraction Workers
984,,47-2000,,,Construction Trades Workers
985,,,47-2010,,Boilermakers
986,,,,47-2011,Boilermakers
987,,,47-2020,,"Brickmasons, Blockmasons, and Stonemasons"
988,,,,47-2021,Brickmasons and Blockmasons
989,,,,47-2022,Stonemasons
990,,,47-2030,,Carpenters
991,,,,47-2031,Carpenters
992,,,47-2040,,"Carpet, Floor, and Tile Installers and Finishers"
993,,,,47-2041,Carpet Installers
994,,,,47-2042,"Floor Layers, Except Carpet, Wood, and Hard Tiles"
995,,,,47-2043,Floor Sanders and Finishers
996,,,,47-2044,Tile and Stone Setters
997,,,47-2050,,"Cement Masons, Concrete Finishers, and Terrazzo Workers"
998,,,,47-2051,Cement Masons and Concrete Finishers
999,,,,47-2053,Terrazzo Workers and Finishers
1000,,,47-2060,,Construction Laborers
1001,,,,47-2061,Construction Laborers
1002,,,47-2070,,Construction Equipment Operators
1003,,,,47-2071,"Paving, Surfacing, and Tamping Equipment Operators"
1004,,,,47-2072,Pile Driver Operators
1005,,,,47-2073,Operating Engineers and Other Construction Equipment Operators
1006,,,47-2080,,"Drywall Installers, Ceiling Tile Installers, and Tapers"
1007,,,,47-2081,Drywall and Ceiling Tile Installers
1008,,,,47-2082,Tapers
1009,,,47-2110,,Electricians
1010,,,,47-2111,Electricians
1011,,,47-2120,,Glaziers
1012,,,,47-2121,Glaziers
1013,,,47-2130,,Insulation Workers
1014,,,,47-2131,"Insulation Workers, Floor, Ceiling, and Wall"
1015,,,,47-2132,"Insulation Workers, Mechanical"
1016,,,47-2140,,Painters and Paperhangers
1017,,,,47-2141,"Painters, Construction and Maintenance"
1018,,,,47-2142,Paperhangers
1019,,,47-2150,,"Pipelayers, Plumbers, Pipefitters, and Steamfitters"
1020,,,,47-2151,Pipelayers
1021,,,,47-2152,"Plumbers, Pipefitters, and Steamfitters"
1022,,,47-2160,,Plasterers and Stucco Masons
1023,,,,47-2161,Plasterers and Stucco Masons
1024,,,47-2170,,Reinforcing Iron and Rebar Workers
1025,,,,47-2171,Reinforcing Iron and Rebar Workers
1026,,,47-2180,,Roofers
1027,,,,47-2181,Roofers
1028,,,47-2210,,Sheet Metal Workers
1029,,,,47-2211,Sheet Metal Workers
1030,,,47-2220,,Structural Iron and Steel Workers
1031,,,,47-2221,Structural Iron and Steel Workers
1032,,,47-2230,,Solar Photovoltaic Installers
1033,,,,47-2231,Solar Photovoltaic Installers
1034,,47-3000,,,"Helpers, Construction Trades"
1035,,,47-3010,,"Helpers, Construction Trades"
1036,,,,47-3011,"Helpers--Brickmasons, Blockmasons, Stonemasons, and Tile and Marble Setters"
1037,,,,47-3012,Helpers--Carpenters
1038,,,,47-3013,Helpers--Electricians
1039,,,,47-3014,"Helpers--Painters, Paperhangers, Plasterers, and Stucco Masons"
1040,,,,47-3015,"Helpers--Pipelayers, Plumbers, Pipefitters, and Steamfitters"
1041,,,,47-3016,Helpers--Roofers
1042,,,,47-3019,"Helpers, Construction Trades, All Other"
1043,,47-4000,,,Other Construction and Related Workers
1044,,,47-4010,,Construction and Building Inspectors
1045,,,,47-4011,Construction and Building Inspectors
1046,,,47-4020,,Elevator and Escalator Installers and Repairers
1047,,,,47-4021,Elevator and Escalator Installers and Repairers
1048,,,47-4030,,Fence Erectors
1049,,,,47-4031,Fence Erectors
1050,,,47-4040,,Hazardous Materials Removal Workers
1051,,,,47-4041,Hazardous Materials Removal Workers
1052,,,47-4050,,Highway Maintenance Workers
1053,,,,47-4051,Highway Maintenance Workers
1054,,,47-4060,,Rail-Track Laying and Maintenance Equipment Operators
1055,,,,47-4061,Rail-Track Laying and Maintenance Equipment Operators
1056,,,47-4070,,Septic Tank Servicers and Sewer Pipe Cleaners
1057,,,,47-4071,Septic Tank Servicers and Sewer Pipe Cleaners
1058,,,47-4090,,Miscellaneous Construction and Related Workers
1059,,,,47-4091,Segmental Pavers
1060,,,,47-4099,"Construction and Related Workers, All Other"
1061,,47-5000,,,Extraction Workers
1062,,,47-5010,,"Derrick, Rotary Drill, and Service Unit Operators, Oil and Gas"
1063,,,,47-5011,"Derrick Operators, Oil and Gas"
1064,,,,47-5012,"Rotary Drill Operators, Oil and Gas"
1065,,,,47-5013,"Service Unit Operators, Oil and Gas"
1066,,,47-5020,,Surface Mining Machine Operators and Earth Drillers
1067,,,,47-5022,"Excavating and Loading Machine and Dragline Operators, Surface Mining"
1068,,,,47-5023,"Earth Drillers, Except Oil and Gas"
1069,,,47-5030,,"Explosives Workers, Ordnance Handling Experts, and Blasters"
1070,,,,47-5032,"Explosives Workers, Ordnance Handling Experts, and Blasters"
1071,,,47-5040,,Underground Mining Machine Operators
1072,,,,47-5041,Continuous Mining Machine Operators
1073,,,,47-5043,"Roof Bolters, Mining"
1074,,,,47-5044,"Loading and Moving Machine Operators, Underground Mining"
1075,,,,47-5049,"Underground Mining Machine Operators, All Other"
1076,,,47-5050,,"Rock Splitters, Quarry"
1077,,,,47-5051,"Rock Splitters, Quarry"
1078,,,47-5070,,"Roustabouts, Oil and Gas"
1079,,,,47-5071,"Roustabouts, Oil and Gas"
1080,,,47-5080,,Helpers--Extraction Workers
1081,,,,47-5081,Helpers--Extraction Workers
1082,,,47-5090,,Miscellaneous Extraction Workers
1083,,,,47-5099,"Extraction Workers, All Other"
1084,49-0000,,,,"Installation, Maintenance, and Repair Occupations"
1085,,49-1000,,,"Supervisors of Installation, Maintenance, and Repair Workers"
1086,,,49-1010,,"First-Line Supervisors of Mechanics, Installers, and Repairers"
1087,,,,49-1011,"First-Line Supervisors of Mechanics, Installers, and Repairers"
1088,,49-2000,,,"Electrical and Electronic Equipment Mechanics, Installers, and Repairers"
1089,,,49-2010,,"Computer, Automated Teller, and Office Machine Repairers"
1090,,,,49-2011,"Computer, Automated Teller, and Office Machine Repairers"
1091,,,49-2020,,Radio and Telecommunications Equipment Installers and Repairers
1092,,,,49-2021,"Radio, Cellular, and Tower Equipment Installers and Repairers"
1093,,,,49-2022,"Telecommunications Equipment Installers and Repairers, Except Line Installers"
1094,,,49-2090,,"Miscellaneous Electrical and Electronic Equipment Mechanics, Installers, and Repairers"
1095,,,,49-2091,Avionics Technicians
1096,,,,49-2092,"Electric Motor, Power Tool, and Related Repairers"
1097,,,,49-2093,"Electrical and Electronics Installers and Repairers, Transportation Equipment"
1098,,,,49-2094,"Electrical and Electronics Repairers, Commercial and Industrial Equipment"
1099,,,,49-2095,"Electrical and Electronics Repairers, Powerhouse, Substation, and Relay"
1100,,,,49-2096,"Electronic Equipment Installers and Repairers, Motor Vehicles"
1101,,,,49-2097,Audiovisual Equipment Installers and Repairers
1102,,,,49-2098,Security and Fire Alarm Systems Installers
1103,,49-3000,,,"Vehicle and Mobile Equipment Mechanics, Installers, and Repairers"
1104,,,49-3010,,Aircraft Mechanics and Service Technicians
1105,,,,49-3011,Aircraft Mechanics and Service Technicians
1106,,,49-3020,,Automotive Technicians and Repairers
1107,,,,49-3021,Automotive Body and Related Repairers
1108,,,,49-3022,Automotive Glass Installers and Repairers
1109,,,,49-3023,Automotive Service Technicians and Mechanics
1110,,,49-3030,,Bus and Truck Mechanics and Diesel Engine Specialists
1111,,,,49-3031,Bus and Truck Mechanics and Diesel Engine Specialists
1112,,,49-3040,,Heavy Vehicle and Mobile Equipment Service Technicians and Mechanics
1113,,,,49-3041,Farm Equipment Mechanics and Service Technicians
1114,,,,49-3042,"Mobile Heavy Equipment Mechanics, Except Engines"
1115,,,,49-3043,Rail Car Repairers
1116,,,49-3050,,Small Engine Mechanics
1117,,,,49-3051,Motorboat Mechanics and Service Technicians
1118,,,,49-3052,Motorcycle Mechanics
1119,,,,49-3053,Outdoor Power Equipment and Other Small Engine Mechanics
1120,,,49-3090,,"Miscellaneous Vehicle and Mobile Equipment Mechanics, Installers, and Repairers"
1121,,,,49-3091,Bicycle Repairers
1122,,,,49-3092,Recreational Vehicle Service Technicians
1123,,,,49-3093,Tire Repairers and Changers
1124,,49-9000,,,"Other Installation, Maintenance, and Repair Occupations"
1125,,,49-9010,,Control and Valve Installers and Repairers
1126,,,,49-9011,Mechanical Door Repairers
1127,,,,49-9012,"Control and Valve Installers and Repairers, Except Mechanical Door"
1128,,,49-9020,,"Heating, Air Conditioning, and Refrigeration Mechanics and Installers"
1129,,,,49-9021,"Heating, Air Conditioning, and Refrigeration Mechanics and Installers"
1130,,,49-9030,,Home Appliance Repairers
1131,,,,49-9031,Home Appliance Repairers
1132,,,49-9040,,"Industrial Machinery Installation, Repair, and Maintenance Workers"
1133,,,,49-9041,Industrial Machinery Mechanics
1134,,,,49-9043,"Maintenance Workers, Machinery"
1135,,,,49-9044,Millwrights
1136,,,,49-9045,"Refractory Materials Repairers, Except Brickmasons"
1137,,,49-9050,,Line Installers and Repairers
1138,,,,49-9051,Electrical Power-Line Installers and Repairers
1139,,,,49-9052,Telecommunications Line Installers and Repairers
1140,,,49-9060,,Precision Instrument and Equipment Repairers
1141,,,,49-9061,Camera and Photographic Equipment Repairers
1142,,,,49-9062,Medical Equipment Repairers
1143,,,,49-9063,Musical Instrument Repairers and Tuners
1144,,,,49-9064,Watch and Clock Repairers
1145,,,,49-9069,"Precision Instrument and Equipment Repairers, All Other"
1146,,,49-9070,,"Maintenance and Repair Workers, General"
1147,,,,49-9071,"Maintenance and Repair Workers, General"
1148,,,49-9080,,Wind Turbine Service Technicians
1149,,,,49-9081,Wind Turbine Service Technicians
1150,,,49-9090,,"Miscellaneous Installation, Maintenance, and Repair Workers"
1151,,,,49-9091,"Coin, Vending, and Amusement Machine Servicers and Repairers"
1152,,,,49-9092,Commercial Divers
1153,,,,49-9094,Locksmiths and Safe Repairers
1154,,,,49-9095,Manufactured Building and Mobile Home Installers
1155,,,,49-9096,Riggers
1156,,,,49-9097,Signal and Track Switch Repairers
1157,,,,49-9098,"Helpers--Installation, Maintenance, and Repair Workers"
1158,,,,49-9099,"Installation, Maintenance, and Repair Workers, All Other"
1159,51-0000,,,,Production Occupations
1160,,51-1000,,,Supervisors of Production Workers
1161,,,51-1010,,First-Line Supervisors of Production and Operating Workers
1162,,,,51-1011,First-Line Supervisors of Production and Operating Workers
1163,,51-2000,,,Assemblers and Fabricators
1164,,,51-2010,,"Aircraft Structure, Surfaces, Rigging, and Systems Assemblers"
1165,,,,51-2011,"Aircraft Structure, Surfaces, Rigging, and Systems Assemblers"
1166,,,51-2020,,"Electrical, Electronics, and Electromechanical Assemblers"
1167,,,,51-2021,"Coil Winders, Tapers, and Finishers"
1168,,,,51-2022,Electrical and Electronic Equipment Assemblers
1169,,,,51-2023,Electromechanical Equipment Assemblers
1170,,,51-2030,,Engine and Other Machine Assemblers
1171,,,,51-2031,Engine and Other Machine Assemblers
1172,,,51-2040,,Structural Metal Fabricators and Fitters
1173,,,,51-2041,Structural Metal Fabricators and Fitters
1174,,,51-2050,,Fiberglass Laminators and Fabricators
1175,,,,51-2051,Fiberglass Laminators and Fabricators
1176,,,51-2060,,Timing Device Assemblers and Adjusters
1177,,,,51-2061,Timing Device Assemblers and Adjusters
1178,,,51-2090,,Miscellaneous Assemblers and Fabricators
1179,,,,51-2092,Team Assemblers
1180,,,,51-2099,"Assemblers and Fabricators, All Other"
1181,,51-3000,,,Food Processing Workers
1182,,,51-3010,,Bakers
1183,,,,51-3011,Bakers
1184,,,51-3020,,"Butchers and Other Meat, Poultry, and Fish Processing Workers"
1185,,,,51-3021,Butchers and Meat Cutters
1186,,,,51-3022,"Meat, Poultry, and Fish Cutters and Trimmers"
1187,,,,51-3023,Slaughterers and Meat Packers
1188,,,51-3090,,Miscellaneous Food Processing Workers
1189,,,,51-3091,"Food and Tobacco Roasting, Baking, and Drying Machine Operators and Tenders"
1190,,,,51-3092,Food Batchmakers
1191,,,,51-3093,Food Cooking Machine Operators and Tenders
1192,,,,51-3099,"Food Processing Workers, All Other"
1193,,51-4000,,,Metal Workers and Plastic Workers
1194,,,51-4020,,"Forming Machine Setters, Operators, and Tenders, Metal and Plastic"
1195,,,,51-4021,"Extruding and Drawing Machine Setters, Operators, and Tenders, Metal and Plastic"
1196,,,,51-4022,"Forging Machine Setters, Operators, and Tenders, Metal and Plastic"
1197,,,,51-4023,"Rolling Machine Setters, Operators, and Tenders, Metal and Plastic"
1198,,,51-4030,,"Machine Tool Cutting Setters, Operators, and Tenders, Metal and Plastic"
1199,,,,51-4031,"Cutting, Punching, and Press Machine Setters, Operators, and Tenders, Metal and Plastic"
1200,,,,51-4032,"Drilling and Boring Machine Tool Setters, Operators, and Tenders, Metal and Plastic"
1201,,,,51-4033,"Grinding, Lapping, Polishing, and Buffing Machine Tool Setters, Operators, and Tenders, Metal and Plastic"
1202,,,,51-4034,"Lathe and Turning Machine Tool Setters, Operators, and Tenders, Metal and Plastic"
1203,,,,51-4035,"Milling and Planing Machine Setters, Operators, and Tenders, Metal and Plastic"
1204,,,51-4040,,Machinists
1205,,,,51-4041,Machinists
1206,,,51-4050,,"Metal Furnace Operators, Tenders, Pourers, and Casters"
1207,,,,51-4051,Metal-Refining Furnace Operators and Tenders
1208,,,,51-4052,"Pourers and Casters, Metal"
1209,,,51-4060,,"Model Makers and Patternmakers, Metal and Plastic"
1210,,,,51-4061,"Model Makers, Metal and Plastic"
1211,,,,51-4062,"Patternmakers, Metal and Plastic"
1212,,,51-4070,,"Molders and Molding Machine Setters, Operators, and Tenders, Metal and Plastic"
1213,,,,51-4071,Foundry Mold and Coremakers
1214,,,,51-4072,"Molding, Coremaking, and Casting Machine Setters, Operators, and Tenders, Metal and Plastic"
1215,,,51-4080,,"Multiple Machine Tool Setters, Operators, and Tenders, Metal and Plastic"
1216,,,,51-4081,"Multiple Machine Tool Setters, Operators, and Tenders, Metal and Plastic"
1217,,,51-4110,,Tool and Die Makers
1218,,,,51-4111,Tool and Die Makers
1219,,,51-4120,,"Welding, Soldering, and Brazing Workers"
1220,,,,51-4121,"Welders, Cutters, Solderers, and Brazers"
1221,,,,51-4122,"Welding, Soldering, and Brazing Machine Setters, Operators, and Tenders"
1222,,,51-4190,,Miscellaneous Metal Workers and Plastic Workers
1223,,,,51-4191,"Heat Treating Equipment Setters, Operators, and Tenders, Metal and Plastic"
1224,,,,51-4192,"Layout Workers, Metal and Plastic"
1225,,,,51-4193,"Plating Machine Setters, Operators, and Tenders, Metal and Plastic"
1226,,,,51-4194,"Tool Grinders, Filers, and Sharpeners"
1227,,,,51-4199,"Metal Workers and Plastic Workers, All Other"
1228,,51-5100,,,Printing Workers
1229,,,51-5110,,Printing Workers
1230,,,,51-5111,Prepress Technicians and Workers
1231,,,,51-5112,Printing Press Operators
1232,,,,51-5113,Print Binding and Finishing Workers
1233,,51-6000,,,"Textile, Apparel, and Furnishings Workers"
1234,,,51-6010,,Laundry and Dry-Cleaning Workers
1235,,,,51-6011,Laundry and Dry-Cleaning Workers
1236,,,51-6020,,"Pressers, Textile, Garment, and Related Materials"
1237,,,,51-6021,"Pressers, Textile, Garment, and Related Materials"
1238,,,51-6030,,Sewing Machine Operators
1239,,,,51-6031,Sewing Machine Operators
1240,,,51-6040,,Shoe and Leather Workers
1241,,,,51-6041,Shoe and Leather Workers and Repairers
1242,,,,51-6042,Shoe Machine Operators and Tenders
1243,,,51-6050,,"Tailors, Dressmakers, and Sewers"
1244,,,,51-6051,"Sewers, Hand"
1245,,,,51-6052,"Tailors, Dressmakers, and Custom Sewers"
1246,,,51-6060,,"Textile Machine Setters, Operators, and Tenders"
1247,,,,51-6061,Textile Bleaching and Dyeing Machine Operators and Tenders
1248,,,,51-6062,"Textile Cutting Machine Setters, Operators, and Tenders"
1249,,,,51-6063,"Textile Knitting and Weaving Machine Setters, Operators, and Tenders"
1250,,,,51-6064,"Textile Winding, Twisting, and Drawing Out Machine Setters, Operators, and Tenders"
1251,,,51-6090,,"Miscellaneous Textile, Apparel, and Furnishings Workers"
1252,,,,51-6091,"Extruding and Forming Machine Setters, Operators, and Tenders, Synthetic and Glass Fibers"
1253,,,,51-6092,Fabric and Apparel Patternmakers
1254,,,,51-6093,Upholsterers
1255,,,,51-6099,"Textile, Apparel, and Furnishings Workers, All Other"
1256,,51-7000,,,Woodworkers
1257,,,51-7010,,Cabinetmakers and Bench Carpenters
1258,,,,51-7011,Cabinetmakers and Bench Carpenters
1259,,,51-7020,,Furniture Finishers
1260,,,,51-7021,Furniture Finishers
1261,,,51-7030,,"Model Makers and Patternmakers, Wood"
1262,,,,51-7031,"Model Makers, Wood"
1263,,,,51-7032,"Patternmakers, Wood"
1264,,,51-7040,,"Woodworking Machine Setters, Operators, and Tenders"
1265,,,,51-7041,"Sawing Machine Setters, Operators, and Tenders, Wood"
1266,,,,51-7042,"Woodworking Machine Setters, Operators, and Tenders, Except Sawing"
1267,,,51-7090,,Miscellaneous Woodworkers
1268,,,,51-7099,"Woodworkers, All Other"
1269,,51-8000,,,Plant and System Operators
1270,,,51-8010,,"Power Plant Operators, Distributors, and Dispatchers"
1271,,,,51-8011,Nuclear Power Reactor Operators
1272,,,,51-8012,Power Distributors and Dispatchers
1273,,,,51-8013,Power Plant Operators
1274,,,51-8020,,Stationary Engineers and Boiler Operators
1275,,,,51-8021,Stationary Engineers and Boiler Operators
1276,,,51-8030,,Water and Wastewater Treatment Plant and System Operators
1277,,,,51-8031,Water and Wastewater Treatment Plant and System Operators
1278,,,51-8090,,Miscellaneous Plant and System Operators
1279,,,,51-8091,Chemical Plant and System Operators
1280,,,,51-8092,Gas Plant Operators
1281,,,,51-8093,"Petroleum Pump System Operators, Refinery Operators, and Gaugers"
1282,,,,51-8099,"Plant and System Operators, All Other"
1283,,51-9000,,,Other Production Occupations
1284,,,51-9010,,"Chemical Processing Machine Setters, Operators, and Tenders"
1285,,,,51-9011,Chemical Equipment Operators and Tenders
1286,,,,51-9012,"Separating, Filtering, Clarifying, Precipitating, and Still Machine Setters, Operators, and Tenders"
1287,,,51-9020,,"Crushing, Grinding, Polishing, Mixing, and Blending Workers"
1288,,,,51-9021,"Crushing, Grinding, and Polishing Machine Setters, Operators, and Tenders"
1289,,,,51-9022,"Grinding and Polishing Workers, Hand"
1290,,,,51-9023,"Mixing and Blending Machine Setters, Operators, and Tenders"
1291,,,51-9030,,Cutting Workers
1292,,,,51-9031,"Cutters and Trimmers, Hand"
1293,,,,51-9032,"Cutting and Slicing Machine Setters, Operators, and Tenders"
1294,,,51-9040,,"Extruding, Forming, Pressing, and Compacting Machine Setters, Operators, and Tenders"
1295,,,,51-9041,"Extruding, Forming, Pressing, and Compacting Machine Setters, Operators, and Tenders"
1296,,,51-9050,,"Furnace, Kiln, Oven, Drier, and Kettle Operators and Tenders"
1297,,,,51-9051,"Furnace, Kiln, Oven, Drier, and Kettle Operators and Tenders"
1298,,,51-9060,,"Inspectors, Testers, Sorters, Samplers, and Weighers"
1299,,,,51-9061,"Inspectors, Testers, Sorters, Samplers, and Weighers"
1300,,,51-9070,,Jewelers and Precious Stone and Metal Workers
1301,,,,51-9071,Jewelers and Precious Stone and Metal Workers
1302,,,51-9080,,Dental and Ophthalmic Laboratory Technicians and Medical Appliance Technicians
1303,,,,51-9081,Dental Laboratory Technicians
1304,,,,51-9082,Medical Appliance Technicians
1305,,,,51-9083,Ophthalmic Laboratory Technicians
1306,,,51-9110,,Packaging and Filling Machine Operators and Tenders
1307,,,,51-9111,Packaging and Filling Machine Operators and Tenders
1308,,,51-9120,,Painting Workers
1309,,,,51-9123,"Painting, Coating, and Decorating Workers"
1310,,,,51-9124,"Coating, Painting, and Spraying Machine Setters, Operators, and Tenders"
1311,,,51-9140,,Semiconductor Processing Technicians
1312,,,,51-9141,Semiconductor Processing Technicians
1313,,,51-9150,,Photographic Process Workers and Processing Machine Operators
1314,,,,51-9151,Photographic Process Workers and Processing Machine Operators
1315,,,51-9160,,Computer Numerically Controlled Tool Operators and Programmers
1316,,,,51-9161,Computer Numerically Controlled Tool Operators
1317,,,,51-9162,Computer Numerically Controlled Tool Programmers
1318,,,51-9190,,Miscellaneous Production Workers
1319,,,,51-9191,Adhesive Bonding Machine Operators and Tenders
1320,,,,51-9192,"Cleaning, Washing, and Metal Pickling Equipment Operators and Tenders"
1321,,,,51-9193,Cooling and Freezing Equipment Operators and Tenders
1322,,,,51-9194,Etchers and Engravers
1323,,,,51-9195,"Molders, Shapers, and Casters, Except Metal and Plastic"
1324,,,,51-9196,"Paper Goods Machine Setters, Operators, and Tenders"
1325,,,,51-9197,Tire Builders
1326,,,,51-9198,Helpers--Production Workers
1327,,,,51-9199,"Production Workers, All Other"
1328,53-0000,,,,Transportation and Material Moving Occupations
1329,,53-1000,,,Supervisors of Transportation and Material Moving Workers
1330,,,53-1040,,First-Line Supervisors of Transportation and Material Moving Workers
1331,,,,53-1041,Aircraft Cargo Handling Supervisors
1332,,,,53-1042,"First-Line Supervisors of Helpers, Laborers, and Material Movers, Hand"
1333,,,,53-1043,First-Line Supervisors of Material-Moving Machine and Vehicle Operators
1334,,,,53-1044,First-Line Supervisors of Passenger Attendants
1335,,,,53-1049,"First-Line Supervisors of Transportation Workers, All Other"
1336,,53-2000,,,Air Transportation Workers
1337,,,53-2010,,Aircraft Pilots and Flight Engineers
1338,,,,53-2011,"Airline Pilots, Copilots, and Flight Engineers"
1339,,,,53-2012,Commercial Pilots
1340,,,53-2020,,Air Traffic Controllers and Airfield Operations Specialists
1341,,,,53-2021,Air Traffic Controllers
1342,,,,53-2022,Airfield Operations Specialists
1343,,,53-2030,,Flight Attendants
1344,,,,53-2031,Flight Attendants
1345,,53-3000,,,Motor Vehicle Operators
1346,,,53-3010,,"Ambulance Drivers and Attendants, Except Emergency Medical Technicians"
1347,,,,53-3011,"Ambulance Drivers and Attendants, Except Emergency Medical Technicians"
1348,,,53-3030,,Driver/Sales Workers and Truck Drivers
1349,,,,53-3031,Driver/Sales Workers
1350,,,,53-3032,Heavy and Tractor-Trailer Truck Drivers
1351,,,,53-3033,Light Truck Drivers
1352,,,53-3050,,Passenger Vehicle Drivers
1353,,,,53-3051,"Bus Drivers, School"
1354,,,,53-3052,"Bus Drivers, Transit and Intercity"
1355,,,,53-3053,Shuttle Drivers and Chauffeurs
1356,,,,53-3054,Taxi Drivers
1357,,,53-3090,,Miscellaneous Motor Vehicle Operators
1358,,,,53-3099,"Motor Vehicle Operators, All Other"
1359,,53-4000,,,Rail Transportation Workers
1360,,,53-4010,,Locomotive Engineers and Operators
1361,,,,53-4011,Locomotive Engineers
1362,,,,53-4013,"Rail Yard Engineers, Dinkey Operators, and Hostlers"
1363,,,53-4020,,"Railroad Brake, Signal, and Switch Operators and Locomotive Firers"
1364,,,,53-4022,"Railroad Brake, Signal, and Switch Operators and Locomotive Firers"
1365,,,53-4030,,Railroad Conductors and Yardmasters
1366,,,,53-4031,Railroad Conductors and Yardmasters
1367,,,53-4040,,Subway and Streetcar Operators
1368,,,,53-4041,Subway and Streetcar Operators
1369,,,53-4090,,Miscellaneous Rail Transportation Workers
1370,,,,53-4099,"Rail Transportation Workers, All Other"
1371,,53-5000,,,Water Transportation Workers
1372,,,53-5010,,Sailors and Marine Oilers
1373,,,,53-5011,Sailors and Marine Oilers
1374,,,53-5020,,Ship and Boat Captains and Operators
1375,,,,53-5021,"Captains, Mates, and Pilots of Water Vessels"
1376,,,,53-5022,Motorboat Operators
1377,,,53-5030,,Ship Engineers
1378,,,,53-5031,Ship Engineers
1379,,53-6000,,,Other Transportation Workers
1380,,,53-6010,,Bridge and Lock Tenders
1381,,,,53-6011,Bridge and Lock Tenders
1382,,,53-6020,,Parking Attendants
1383,,,,53-6021,Parking Attendants
1384,,,53-6030,,Transportation Service Attendants
1385,,,,53-6031,Automotive and Watercraft Service Attendants
1386,,,,53-6032,Aircraft Service Attendants
1387,,,53-6040,,Traffic Technicians
1388,,,,53-6041,Traffic Technicians
1389,,,53-6050,,Transportation Inspectors
1390,,,,53-6051,Transportation Inspectors
1391,,,53-6060,,Passenger Attendants
1392,,,,53-6061,Passenger Attendants
1393,,,53-6090,,Miscellaneous Transportation Workers
1394,,,,53-6099,"Transportation Workers, All Other"
1395,,53-7000,,,Material Moving Workers
1396,,,53-7010,,Conveyor Operators and Tenders
1397,,,,53-7011,Conveyor Operators and Tenders
1398,,,53-7020,,Crane and Tower Operators
1399,,,,53-7021,Crane and Tower Operators
1400,,,53-7030,,Dredge Operators
1401,,,,53-7031,Dredge Operators
1402,,,53-7040,,Hoist and Winch Operators
1403,,,,53-7041,Hoist and Winch Operators
1404,,,53-7050,,Industrial Truck and Tractor Operators
1405,,,,53-7051,Industrial Truck and Tractor Operators
1406,,,53-7060,,Laborers and Material Movers
1407,,,,53-7061,Cleaners of Vehicles and Equipment
1408,,,,53-7062,"Laborers and Freight, Stock, and Material Movers, Hand"
1409,,,,53-7063,Machine Feeders and Offbearers
1410,,,,53-7064,"Packers and Packagers, Hand"
1411,,,,53-7065,Stockers and Order Fillers
1412,,,53-7070,,Pumping Station Operators
1413,,,,53-7071,Gas Compressor and Gas Pumping Station Operators
1414,,,,53-7072,"Pump Operators, Except Wellhead Pumpers"
1415,,,,53-7073,Wellhead Pumpers
1416,,,53-7080,,Refuse and Recyclable Material Collectors
1417,,,,53-7081,Refuse and Recyclable Material Collectors
1418,,,53-7120,,"Tank Car, Truck, and Ship Loaders"
1419,,,,53-7121,"Tank Car, Truck, and Ship Loaders"
1420,,,53-7190,,Miscellaneous Material Moving Workers
1421,,,,53-7199,"Material Moving Workers, All Other"
1422,55-0000,,,,Military Specific Occupations
1423,,55-1000,,,Military Officer Special and Tactical Operations Leaders
1424,,,55-1010,,Military Officer Special and Tactical Operations Leaders
1425,,,,55-1011,Air Crew Officers
1426,,,,55-1012,Aircraft Launch and Recovery Officers
1427,,,,55-1013,Armored Assault Vehicle Officers
1428,,,,55-1014,Artillery and Missile Officers
1429,,,,55-1015,Command and Control Center Officers
1430,,,,55-1016,Infantry Officers
1431,,,,55-1017,Special Forces Officers
1432,,,,55-1019,"Military Officer Special and Tactical Operations Leaders, All Other"
1433,,55-2000,,,First-Line Enlisted Military Supervisors
1434,,,55-2010,,First-Line Enlisted Military Supervisors
1435,,,,55-2011,First-Line Supervisors of Air Crew Members
1436,,,,55-2012,First-Line Supervisors of Weapons Specialists/Crew Members
1437,,,,55-2013,First-Line Supervisors of All Other Tactical Operations Specialists
1438,,55-3000,,,Military Enlisted Tactical Operations and Air/Weapons Specialists and Crew Members
1439,,,55-3010,,Military Enlisted Tactical Operations and Air/Weapons Specialists and Crew Members
1440,,,,55-3011,Air Crew Members
1441,,,,55-3012,Aircraft Launch and Recovery Specialists
1442,,,,55-3013,Armored Assault Vehicle Crew Members
1443,,,,55-3014,Artillery and Missile Crew Members
1444,,,,55-3015,Command and Control Center Specialists
1445,,,,55-3016,Infantry
1446,,,,55-3018,Special Forces
1447,,,,55-3019,"Military Enlisted Tactical Operations and Air/Weapons Specialists and Crew Members, All Other"
